{"cameraMode":{"drawMode":0,"name":"Shaded","section":"Shading Mode"},"sceneLighting":true,"audioPlay":false,"sceneViewState":{"m_AlwaysRefresh":false,"showFog":true,"showSkybox":true,"showFlares":true,"showImageEffects":true,"showParticleSystems":true,"showVisualEffectGraphs":true,"m_FxEnabled":true},"in2DMode":false,"pivot":{"x":1.2675104141235352,"y":-0.30890703201293948,"z":-1.0364890098571778},"rotation":{"x":0.5257248282432556,"y":-0.024240946397185327,"z":0.014989386312663556,"w":0.8501930236816406},"size":8.44929313659668,"orthographic":false}