{"cameraMode":{"drawMode":0,"name":"Shaded","section":"Shading Mode"},"sceneLighting":true,"audioPlay":false,"sceneViewState":{"m_AlwaysRefresh":false,"showFog":true,"showSkybox":true,"showFlares":true,"showImageEffects":true,"showParticleSystems":true,"showVisualEffectGraphs":true,"m_FxEnabled":true},"in2DMode":false,"pivot":{"x":345.44219970703127,"y":177.72329711914063,"z":35.389373779296878},"rotation":{"x":-0.35251399874687197,"y":-0.016284877434372903,"z":0.006135555449873209,"w":-0.9356563687324524},"size":84.74893951416016,"orthographic":false}