{"cameraMode":{"drawMode":0,"name":"Shaded","section":"Shading Mode"},"sceneLighting":true,"audioPlay":false,"sceneViewState":{"m_AlwaysRefresh":false,"showFog":true,"showSkybox":true,"showFlares":true,"showImageEffects":true,"showParticleSystems":true,"showVisualEffectGraphs":true,"m_FxEnabled":true},"in2DMode":false,"pivot":{"x":-16.438396453857423,"y":0.385467529296875,"z":1.4836676120758057},"rotation":{"x":0.43691837787628176,"y":0.5405566692352295,"z":-0.3917318880558014,"w":0.6031370162963867},"size":17.028148651123048,"orthographic":false}