{"cameraMode":{"drawMode":0,"name":"Shaded","section":"Shading Mode"},"sceneLighting":true,"audioPlay":false,"sceneViewState":{"m_AlwaysRefresh":false,"showFog":true,"showSkybox":true,"showFlares":true,"showImageEffects":true,"showParticleSystems":true,"showVisualEffectGraphs":true,"m_FxEnabled":true},"in2DMode":false,"pivot":{"x":-0.4935222268104553,"y":1.9993810653686524,"z":0.4992496967315674},"rotation":{"x":0.0002409404842182994,"y":-0.9081569314002991,"z":0.41870054602622988,"w":0.000531822326593101},"size":14.582351684570313,"orthographic":false}