{"cameraMode":{"drawMode":0,"name":"Shaded","section":"Shading Mode"},"sceneLighting":true,"audioPlay":false,"sceneViewState":{"m_AlwaysRefresh":true,"showFog":true,"showSkybox":true,"showFlares":true,"showImageEffects":true,"showParticleSystems":true,"showVisualEffectGraphs":true,"m_FxEnabled":true},"in2DMode":false,"pivot":{"x":0.6887128949165344,"y":-19.580615997314454,"z":-7.358390808105469},"rotation":{"x":-0.0006919970619492233,"y":0.8192124962806702,"z":-0.5735506415367127,"w":-0.0009792305063456298},"size":16.514585494995118,"orthographic":false}