{"cameraMode":{"drawMode":0,"name":"Shaded","section":"Shading Mode"},"sceneLighting":true,"audioPlay":false,"sceneViewState":{"m_AlwaysRefresh":true,"showFog":true,"showSkybox":true,"showFlares":true,"showImageEffects":true,"showParticleSystems":true,"showVisualEffectGraphs":true,"m_FxEnabled":true},"in2DMode":false,"pivot":{"x":0.15624412894248963,"y":1.0481846332550049,"z":-3.173711061477661},"rotation":{"x":0.24121573567390443,"y":-0.49578848481178286,"z":0.1455797255039215,"w":0.8215014934539795},"size":13.480009078979493,"orthographic":true}