{"cameraMode":{"drawMode":0,"name":"Shaded","section":"Shading Mode"},"sceneLighting":true,"audioPlay":false,"sceneViewState":{"m_AlwaysRefresh":false,"showFog":true,"showSkybox":true,"showFlares":true,"showImageEffects":true,"showParticleSystems":true,"showVisualEffectGraphs":true,"m_FxEnabled":true},"in2DMode":false,"pivot":{"x":-7.7717719078063969,"y":0.9767751693725586,"z":0.7644323706626892},"rotation":{"x":-0.2043592929840088,"y":-0.006757502444088459,"z":0.001408466836437583,"w":-0.9788931608200073},"size":2.3423469066619875,"orthographic":false}