{"cameraMode":{"drawMode":0,"name":"Shaded","section":"Shading Mode"},"sceneLighting":true,"audioPlay":false,"sceneViewState":{"m_AlwaysRefresh":false,"showFog":true,"showSkybox":true,"showFlares":true,"showImageEffects":true,"showParticleSystems":true,"showVisualEffectGraphs":true,"m_FxEnabled":true},"in2DMode":false,"pivot":{"x":-5.426596641540527,"y":-0.3653314411640167,"z":1.4274990558624268},"rotation":{"x":-0.30815282464027407,"y":0.05617903172969818,"z":-0.01823490485548973,"w":-0.9495264887809753},"size":0.8660253882408142,"orthographic":false}