{"cameraMode":{"drawMode":0,"name":"Shaded","section":"Shading Mode"},"sceneLighting":true,"audioPlay":false,"sceneViewState":{"m_AlwaysRefresh":false,"showFog":true,"showSkybox":true,"showFlares":true,"showImageEffects":true,"showParticleSystems":true,"showVisualEffectGraphs":true,"m_FxEnabled":true},"in2DMode":false,"pivot":{"x":-8.327871322631836,"y":1.0799016952514649,"z":1.0501585006713868},"rotation":{"x":-0.30815282464027407,"y":0.05617903172969818,"z":-0.01823490485548973,"w":-0.9495264887809753},"size":1.8205068111419678,"orthographic":false}