{"cameraMode":{"drawMode":0,"name":"Shaded","section":"Shading Mode"},"sceneLighting":true,"audioPlay":false,"sceneViewState":{"m_AlwaysRefresh":false,"showFog":true,"showSkybox":true,"showFlares":true,"showImageEffects":true,"showParticleSystems":true,"showVisualEffectGraphs":true,"m_FxEnabled":true},"in2DMode":false,"pivot":{"x":-7.821052074432373,"y":0.7992351055145264,"z":9.565103530883789},"rotation":{"x":-0.2942039668560028,"y":0.033534642308950427,"z":-0.010332451201975346,"w":-0.9551064372062683},"size":1.6765698194503785,"orthographic":false}