{"cameraMode":{"drawMode":0,"name":"Shaded","section":"Shading Mode"},"sceneLighting":false,"audioPlay":false,"sceneViewState":{"m_AlwaysRefresh":false,"showFog":false,"showSkybox":false,"showFlares":false,"showImageEffects":false,"showParticleSystems":false,"showVisualEffectGraphs":true,"m_FxEnabled":true},"in2DMode":false,"pivot":{"x":5.960464477539063e-8,"y":0.9509748220443726,"z":0.004471272230148315},"rotation":{"x":-0.0019976901821792127,"y":-0.929422914981842,"z":0.36906978487968447,"w":-0.0050343843176960949},"size":1.3059316873550416,"orthographic":false}